SaleID,CustomerID,ProductID,SaleDate,Quantity,TotalAmount,PaymentMethod,ShippingAddress,OrderStatus,DiscountApplied,ShippingCost,DeliveryDate
12a1d8ec-ef9d-475a-b669-05037392d0d5,dc97e303-3c60-4c98-8f33-75569fa5afc0,ecaf3ed0-3ebe-44e7-b8cb-2fde29ed2dfa,2023-08-31,50,982.16,Credit Card,638 Paul Heights,Pending,16,146,2022-08-24
174767ba-9199-4f85-ae74-a64c67ebc17e,04a37bed-dd45-4499-85d3-c0f22b106b0b,3ad27c0d-5651-4965-b3de-37256717823e,2023-01-25,91,816.32,Bank Transfer,887 Stephens Junction Suite 897,Pending,48,298,2022-12-15
5b5f2045-9d8d-4547-aa73-4be88007c54f,81ec8feb-d0b5-46fb-a5b0-5070857724bf,b96b20b2-2b76-425d-8b7f-a336e57521f6,2022-11-24,55,925.4,PayPal,166 Holloway Views Apt. 392,Shipped,23,634,2023-01-27
a4f9556d-9ff6-44d5-b066-baf7cb0ac854,941c9fda-ebbf-41a2-8b06-641e4318b1a0,005cba0e-f2d0-4522-9082-e70dd804d246,2022-12-19,78,426.58,PayPal,05014 Boone Bypass Suite 754,Delivered,46,440,2023-09-12
9aa6deba-7118-4a0a-a1e1-e35fa18f6218,4268fdff-f233-4d31-8412-219ee992e6e3,b705d43d-902e-461f-9a33-ffabe9a02a16,2024-06-07,86,495.01,Credit Card,773 James Light,Pending,14,209,2024-02-10
27ce8bac-3e1b-4815-ae81-a24871f2c56d,9c19c181-0522-43c1-b63e-fe343b115be3,f7488ce9-ae8f-4ee0-87c6-a38eb6c2c2db,2023-06-10,7,351.26,Credit Card,161 Morris Prairie,Shipped,5,586,2024-02-28
66b0e2ea-0100-4f2e-8cda-8b073ef5b285,dca3eae5-3a81-4696-a305-8d7eea1b6a7b,cd3b35b9-5649-4979-a894-14f2ec60ee23,2023-04-07,16,431.99,Bank Transfer,688 Jordan Rest,Pending,36,117,2024-03-16
0f851c6d-e6b6-4a6c-8255-16eb42839e23,e8c32495-5c2d-4590-8aba-d60892cdd2e5,c908c28a-5192-4a31-a786-c1e67acd1f45,2023-08-02,7,518.78,Credit Card,5578 Cain Springs,Cancelled,7,876,2023-03-20
7c474eb5-1fab-4dc8-bf90-918a2c2557ed,7a5c69de-59cd-4b77-b6fb-f1dd3759134f,ecbffd08-9472-4feb-8519-f51d07c8ce20,2024-02-03,21,185.86,Bank Transfer,65631 Evans Manor Apt. 331,Delivered,85,473,2024-03-27
1a80ea61-0276-416b-b69f-72f4d303a5e5,020df36e-e764-467c-bca2-13b44275112f,35fc0ebd-3671-4b0d-a363-392d2a56b284,2022-08-27,28,810.08,PayPal,1962 Watson Spurs Suite 195,Shipped,16,462,2022-08-31
1206329a-6e8d-41b1-b6fd-66461a347072,5342a7a0-fd13-4249-ac5c-23d4cae4c7e4,0508dbf7-2e01-44fc-8f6c-c0fcab0e4a48,2023-01-20,50,409.35,Bank Transfer,3910 Rodgers Burg Apt. 392,Shipped,78,717,2024-06-10
f58b78e0-3fdb-4bc0-abde-3a482a42ca29,c6d78b26-3078-4d58-82ea-b183efbca1b1,fbc95ed9-94d3-4d3d-be65-b28e859a521d,2023-10-21,98,659.06,Bank Transfer,372 Kelly Shoals,Pending,44,261,2023-06-02
349bcd02-4d6c-4f22-846f-6901d0b03c42,c33dec23-cf0b-4df7-a3c9-7dcf3dbee656,d0d8a617-0a44-4670-9b45-49debb6bf990,2024-06-10,95,686.79,Credit Card,4121 Danielle Vista,Pending,71,519,2023-03-10
23e555fc-fbdb-442a-885c-5827b0ba526d,2d448b9c-5128-4177-8d9b-47022fa5437c,6e3c5d5a-a61d-40bc-b8a6-b55876824428,2023-09-29,100,397.37,PayPal,6427 Cindy Junctions Suite 602,Cancelled,88,432,2023-06-04
02954313-b277-48cc-8a45-23720e1ebaf5,85328b02-30ce-4f83-80b2-5a5556f920c0,bc5ce735-d1e5-4fe5-8664-6bdee67c4b33,2023-07-12,44,586.32,PayPal,528 Robert Stream Suite 189,Shipped,34,330,2023-10-02
449e1768-d87a-482e-8225-d7f6225a6fcc,179f6c78-155d-4112-9267-dc33a51f67e0,96266c12-58ee-4fcd-b720-840530e8cc90,2022-11-12,13,646.16,Debit Card,83125 Wood Plaza,Shipped,39,795,2023-04-28
350ea7e3-0e72-4dee-a51e-8afe55cd96a1,e4f76b63-878c-4697-bead-83b3ae149b1e,1c23f1ab-9449-46d7-9f7c-862e091fd4ba,2023-12-18,68,695.05,PayPal,3534 Fox Forks Suite 731,Pending,7,196,2022-10-18
53219810-3857-4971-98b1-6b96a5707bb1,201b1f91-e243-4082-93a5-a38faf7a13e8,6fbce4af-5bbe-4553-a961-6a3b22b84c74,2022-07-04,21,272.67,Credit Card,9963 Tyler Pike Apt. 371,Cancelled,71,452,2024-04-14
4f9a80cf-869b-4115-8147-beef40f6aa19,e8fc5fdc-444b-4092-a158-c89253479634,0ffd469d-f45f-4318-928c-b5a72e1f61bb,2023-10-28,31,900.09,Bank Transfer,6282 Thomas Way,Cancelled,82,971,2023-11-10
d2501488-e09d-47b6-8066-2b2f9ecf0386,fc14d536-644d-43a8-9686-7b05dea0532f,0c72849c-6bb2-4dbe-8df8-137319339252,2023-07-19,7,295.07,Debit Card,198 Sarah Ferry Suite 504,Cancelled,92,620,2023-10-17
9acce9cf-4c17-4c8d-9e1b-9f3bdcf38e58,e064161d-7635-4542-9305-7e449791169a,6243c9df-9606-4966-8aee-2db6b09e02cf,2022-11-09,91,789.16,Debit Card,33114 David Garden Apt. 103,Shipped,45,920,2023-06-14
bded4a40-d7eb-4c43-9e6e-2170d423f866,48b930fd-97de-44b3-8e95-0d4376f3927c,d68f0e30-7085-4a37-8bd0-b8ffb9b131bb,2024-01-19,39,111.24,PayPal,975 Ashley Pike Apt. 378,Shipped,87,201,2024-06-04
4dc14d62-d6c2-446a-b3c6-40ca6d67fffb,8227e90b-aa44-4fb8-9ab1-841579c49f90,fe2e6f9f-7387-4b8a-81fb-eb31d954398b,2023-05-24,40,956.32,PayPal,16788 Sanchez Inlet Apt. 164,Shipped,62,526,2024-04-20
0208e997-78d3-438b-82c3-16b94b9c97d5,b181d411-1abd-4dee-8f59-215976983d1f,987dd6bb-bdd8-4ee6-a33f-e7d701444bed,2022-10-26,48,373.63,Bank Transfer,6420 Ward Views,Shipped,32,862,2023-11-14
00737e96-a8d4-4031-91a0-71ef74881267,7c1704a3-d1e9-4bbd-9945-c460744ba552,7398e004-8a1e-40ed-8c76-1c06497dca78,2023-05-27,15,899.04,Debit Card,19604 Amy Springs Suite 190,Shipped,5,787,2024-03-10
0add0808-e8de-4cab-8317-159f064d1343,78c31eca-344a-4b13-a0e3-a1de96bf09b1,cf3193e8-7de8-4a1a-825a-bc1f2a9dd8eb,2023-08-28,25,179.61,PayPal,3917 Chris Plains Suite 665,Shipped,8,42,2024-02-17
a88380b2-d863-4225-b063-56321e58c564,16c5f5bf-3790-4a02-9e92-78b933570ed1,e624c9a5-023e-4a1c-a76b-1eba3b8c54ac,2022-09-08,59,956.55,PayPal,758 Thomas Club Apt. 799,Cancelled,31,321,2022-11-17
b2ca06a6-cd35-45e0-a6e6-e9ca1d890b59,1b97a148-8d3d-4020-ae85-855172ae2867,08691857-4ea8-458f-882d-5bd74ccaab40,2023-06-15,46,313.79,Bank Transfer,2976 Jason Forest Suite 402,Cancelled,15,283,2024-04-20
6651cdd6-8f13-4018-8e99-5be65df21749,431febd4-a537-4642-820b-2af511bba148,f692f275-c3e6-4fa6-b26f-581b3049b7b4,2024-06-22,28,700.06,Bank Transfer,21269 Fleming Overpass Apt. 069,Pending,0,700,2023-01-20
e7a85891-3724-4138-aa1c-5dabd720e461,7041d428-1536-437c-a9e4-65e9b84fae80,d1c8f29b-5e87-403e-b77a-dd403ceca1a7,2023-08-14,54,401.93,Credit Card,5569 Devin Circles Suite 318,Pending,5,381,2023-06-01
6a58050b-0668-4b11-847e-38abfde437b0,c6005688-a55b-428e-ab73-df1b8bdbe484,bee02e52-220c-4b68-a124-6df50f831a67,2022-12-06,84,741.61,PayPal,26287 Raymond Manors Apt. 874,Pending,93,710,2022-10-02
9f0bfea9-6fe8-4a01-8b10-93ae35d5ad65,dde919d4-1ae4-4b0d-8d4e-6c7e916b57c0,5af120d6-d03e-46af-8213-8cfadf4b0981,2022-12-04,25,159.89,Bank Transfer,86643 Jones Manors,Pending,48,968,2022-09-29
9e452ad6-ab4a-43fe-a2be-0b18105b970e,ced9efa5-0768-42aa-8d0a-09f100163ddb,8e52e987-c1f2-4fcc-85d6-81d08d13994d,2023-09-10,87,443.59,Credit Card,715 Moore Burgs Apt. 481,Shipped,76,988,2023-12-24
b4aab8a9-8a37-4e35-83f3-bc38540ca7e3,dcb59af2-4912-49a5-80ad-a252d73c2552,181cec28-1e24-4f65-b443-37933865304a,2024-02-26,9,825.61,PayPal,3717 Tracy Tunnel Suite 948,Delivered,26,239,2024-04-26
4b568f8d-b8a3-4494-b0aa-e3ab036d98ed,3a5b52f5-917d-4726-9f98-67402fe61f3b,2c6f7766-b9b5-4e54-b6b0-d23fdc48f001,2022-12-04,37,522.78,PayPal,937 Day Canyon,Delivered,78,739,2023-12-21
6b6f79d6-7462-44bd-8211-02363e131df7,d4b560c9-0535-426b-a4db-8b0b96f8e4aa,8790654a-4fab-4cbe-b983-5a106d936ee5,2022-08-20,37,202.9,Debit Card,00867 Aaron Points Apt. 055,Shipped,8,852,2022-12-14
db0a2e91-cb23-4ca7-9c53-53c524e30a22,d5f31c58-a9a7-4aea-b971-fc9ac4ac6194,33538991-e029-4701-b966-f65d74323609,2023-07-26,84,734.47,Credit Card,6536 Johnson Landing,Cancelled,44,709,2022-10-01
60679c1f-507c-409f-b49f-0324756039a4,0a1e3341-f277-4b82-a790-9563134301c5,6f15bc57-755c-4c9d-b157-71611a722121,2022-11-26,63,383.65,Credit Card,7965 Mcguire Walk,Pending,29,682,2022-09-12
34d89065-9f13-4213-aa8f-c92fec1fc041,d178e2fc-24c1-4238-b585-8eff5f0f9ade,14572197-56d8-4b21-b50e-cd4877376290,2024-03-31,95,131.7,Debit Card,858 Ashley Creek,Pending,77,27,2023-01-19
81094e72-d518-410d-969b-cb2672af0ff1,b9f027a8-d21b-460f-9e87-75b28563d95f,e0973f6c-d439-46e1-9090-83f33aee3abd,2022-07-20,16,949.55,Credit Card,74081 Joseph Forks,Pending,15,914,2023-12-25
19f23116-0601-4c47-81b6-af0310bb743d,c2796c96-d8eb-48e3-9e5f-aa029d2e5f16,5e9e8173-e6df-4baa-af66-cfa4cb6a954e,2022-08-06,27,668.85,Debit Card,22542 Jackson Cape Apt. 627,Pending,86,355,2022-10-08
30c1cd2a-6459-49ee-b1ac-f3f6ddd24e9c,d5f0f1af-3e78-4ae5-94e9-cd02c9498d7c,e9d6e47d-85b6-4269-a23d-575b08e35ad8,2023-03-11,19,337.6,Debit Card,16986 Potter Springs,Delivered,67,165,2023-06-18
a4fe67a0-32f7-449c-9cf4-2cd89e6dd547,5c71f8e3-b3f8-4ba2-87da-0cae30cc0a8e,140695ff-c9f2-42cb-9993-fdd384021954,2024-05-18,68,409.71,PayPal,789 Mary Cliffs,Cancelled,56,116,2024-04-24
638cd84e-a3f3-4beb-b1e0-727018ca3f16,21dede2a-ff1f-4777-a4d1-cb493a556b10,a82a7325-5956-441c-9b1f-31e35779cdfb,2022-07-24,41,340.36,PayPal,89795 Shannon Ranch,Pending,26,424,2022-12-04
3b061168-fd96-488b-848f-806ae702d625,711d95d0-040d-4cfa-a6de-7bb0f5c3f02c,18ed7f79-c33a-4f94-a45b-506c6f0e8488,2022-09-10,94,504.7,Debit Card,5326 Contreras Flats,Pending,68,545,2022-07-02
398b27fd-7fda-48a1-8af4-eee47d71dde6,2dcef6e0-efbf-47c7-bd77-9791c940f801,ef12e58b-e7ec-4f37-a773-37fa4f6bde6e,2023-11-24,56,362.1,Bank Transfer,8076 Paul Brook,Cancelled,64,484,2022-08-03
dd46546d-6d73-4650-9f26-a74f9e8b84cd,18cc980e-1b2b-4fad-8141-f75b10af527e,45d912e7-e9d6-4813-a438-4d95d724ae13,2023-05-05,82,113.5,Debit Card,59292 Samantha Prairie Suite 346,Shipped,67,830,2023-12-05
5b7cd4cb-95da-46d1-9c63-cc567481cb7f,9bd68a3a-40d8-4474-a6df-03b3d76e2527,51038fcd-4432-4507-84bd-bd6d94746deb,2022-12-13,47,918.41,Credit Card,7522 James Stream Suite 684,Delivered,90,22,2024-05-13
4fdcd22d-c95c-42b2-a548-b52a6f043a01,ba8b81b4-bf0d-454d-80f9-8a3b71020aa3,c5a3ca6a-e200-49c1-9bde-f58345e12c29,2022-12-12,91,329.63,Credit Card,4311 Stanley Centers Apt. 866,Delivered,54,545,2024-04-25
9074bd87-2be1-4a6d-9e5e-d506559fe6bf,c3d198da-0c90-429f-80a3-1543ed4ad12e,34230f1d-1325-4b48-8a02-d74d781ea5f8,2024-02-17,5,522.27,Debit Card,496 Griffin Glen Apt. 518,Delivered,45,123,2024-05-03
2c040e0e-a883-4032-99bd-85f2e33107ae,5bf06ea8-1c0b-4ab8-8c78-5febb051636e,e14e7b6b-53ae-44b7-aa53-7ab1336c8077,2024-03-02,69,458.49,PayPal,00170 Harrison Inlet Apt. 406,Pending,90,373,2024-02-12
b9febc72-5a67-4174-9452-3b2a4082848e,990e2535-84e1-4722-846c-2e8cfa501557,113a005d-0491-4f56-b836-5379358fe38b,2022-08-27,76,808.08,PayPal,8293 Collins Knolls Suite 061,Shipped,43,799,2024-03-22
a60bdd05-e103-4a00-8765-c4624ebef5a0,73a574c4-83cf-4a6d-a2d4-aacc2de51be9,1b903165-6a83-4d32-aea6-a2b5194e2f04,2024-01-31,10,975.26,Debit Card,4976 Marshall Street Suite 624,Pending,60,800,2022-10-10
6dc41307-06d9-4163-bd84-8748c95ca5ab,a1324f1d-bda7-4f30-9654-5d0e4d4cbb74,04f45759-424a-44b2-909f-5b85d626c581,2022-12-02,93,478.15,Credit Card,9781 Yvonne Point Suite 545,Pending,8,359,2023-11-03
6b5e6565-a631-486d-985d-376bf7f47f6c,6ed7d0c6-0aa8-42b1-8181-789a0e185eed,2a9e91f1-2e3d-4c22-bc9b-400c836cd654,2024-05-06,51,333.61,Bank Transfer,543 Katherine Lane Apt. 921,Cancelled,59,270,2022-09-28
f81303f8-1b5d-4143-8066-b156a94ade70,c0e875ce-8b8d-4991-8aa8-bd420337b21f,a31e774d-183f-43dc-8a4b-6452bd647fe0,2023-11-17,84,647.57,Credit Card,3192 John Meadows,Shipped,96,308,2024-02-06
f6907e24-e529-4235-b645-0d1d11087fcb,55a82234-6595-43fa-b98a-2ad449841718,8fc0b1e8-f609-4cd7-8019-27664b3b9082,2023-01-01,46,287.36,Credit Card,7353 Snyder Mews,Cancelled,12,407,2023-05-28
5907e4f9-9b87-4836-a47c-be5c33f361c9,9e86df1b-41c8-4354-93a7-095b807cc45a,ce29c867-4ad9-47cc-90ca-b5d891b7b77f,2022-06-29,21,913.22,Debit Card,48267 Kelly Cove,Delivered,73,927,2024-04-26
20db4bc4-d4c1-4a63-ade8-dcdd6bc92cbc,fc04633c-a1a6-4061-bdab-70ddbca30489,1d0e72c7-34a6-4ac3-9fd0-e52276a46cae,2023-12-10,73,958.7,Credit Card,888 Kimberly Ports,Delivered,7,939,2024-04-05
0f97debd-fbe3-4a99-8bc2-92d367e0716e,4321bf09-c9d9-45fb-9a60-c726246b66ab,55fa012b-8999-4e64-b7bc-4ea180d49c1a,2022-12-09,15,993.38,Credit Card,7730 Maria Ways Apt. 063,Shipped,52,296,2023-06-18
cb5cad3a-62e2-42cb-ab82-3e0217fdec23,1d468563-7469-4469-9f27-d9c49557e8e8,5b374d29-8a94-4ff6-9c9e-cbd5bc3bccd1,2024-05-20,34,627.19,Bank Transfer,09956 Cochran Circle,Delivered,94,46,2024-05-24
2e09f30d-464b-4d39-a1b7-c16cef075cee,fd64877b-923c-4614-98c1-e4937db2ff0d,7bc5a250-2844-466e-9a2a-3752485f266c,2023-04-30,6,108.98,Credit Card,087 Jessica Circle Suite 214,Pending,10,234,2023-04-10
313dd585-90cf-45dd-86fe-97656ddc010c,80ed4ea1-a4f6-470a-bcee-3cd978e9827d,07e97e05-04c1-46b8-9f39-5fc4efa3c098,2024-06-16,74,529.47,Credit Card,07050 Smith Expressway,Delivered,62,41,2024-06-22
4f1db992-851f-4205-9273-8730f7aef960,21103f28-2a6d-4a75-9d27-8c440446d11a,54d9801f-53a0-4ade-b552-fd140275bd83,2022-11-29,18,354.72,Debit Card,9405 Victoria Walks,Pending,18,192,2023-10-21
dcd25177-28f1-43f9-afe7-15e91fb60423,68d74bc4-386a-49e8-a068-ccc3fd0a8fcb,c75523f5-d82e-4b60-bda2-89659ea67d75,2024-04-19,50,169.71,Debit Card,12260 Barrett Plaza Apt. 948,Shipped,75,916,2024-04-26
153e40be-d80b-4bf5-8888-bf6c7c448324,d3eac2ac-2bb6-4783-9107-60d7f88a54fb,ef2981f1-ec61-4b6b-ad37-73ef46f9ea5f,2024-01-20,54,741.53,Bank Transfer,08884 Hurst Knolls,Cancelled,86,623,2024-05-12
c785ac49-9a99-497c-add7-56dba7e55c33,784dbec0-b175-43b1-86be-fad6454d50b0,bf748bdd-f0ef-44ff-9b0c-6814a86352b9,2023-12-22,100,801.86,Debit Card,82294 Hicks Route,Shipped,31,366,2024-06-11
fff11c46-ce3f-4f97-9aec-1610d870a19b,da930547-00e6-421e-97ec-d548d85a0220,52949a33-5268-4130-9800-c34e6a9d7db0,2022-08-17,67,904.74,Credit Card,3191 Kevin Greens Apt. 237,Delivered,14,242,2023-06-24
baf57541-8638-41eb-b3e1-658a241b6124,3d8b6896-d662-4aa6-88b8-8eae9d3c2a6c,e25b7fc7-714e-4f88-9f47-44687c56393e,2023-12-29,5,218.63,Debit Card,034 Nelson Heights,Pending,35,774,2023-11-25
d362c96d-4322-4bee-aec8-9c9d90fd22bf,150438a2-5081-4d05-94ad-08dca4ac02b5,454c35fb-9c9f-4cd7-80b8-c0726d98f434,2023-03-09,71,208.04,Debit Card,2270 Nathaniel Rest Apt. 804,Shipped,22,45,2024-03-12
963e7432-37e7-4a61-ae09-cb6ae446599b,5740d4d3-a848-484f-913d-73be6fe15837,6626137b-4a28-40c8-98ae-3925cd5cf567,2024-02-03,38,424.78,Bank Transfer,725 White Lane Suite 123,Cancelled,35,578,2024-06-11
fa7a8d41-b039-45fd-b669-63d86428dfe9,a53b3ea2-af0b-4d72-b004-c7a14e011b47,71f339fd-ea0a-41c5-865d-4fc11eed337f,2023-12-03,95,135.95,Bank Transfer,7777 Jessica Mews Apt. 782,Shipped,28,114,2024-02-13
a7fc9362-b194-4132-8433-7164721301bb,8c864e5a-038d-4894-be87-ad6f58fc4518,56382f77-690f-4b03-aa59-685af4fc4acc,2023-04-24,30,331.17,Bank Transfer,978 Olsen Neck,Shipped,54,312,2023-11-29
29018771-42d8-49dd-a9f0-657bd6c730f0,aa2b0389-5f54-4d14-bb9c-fc132cf8d1bd,6a1853b0-4acf-475d-ad9d-b0863f229a0c,2023-01-05,25,216.32,Debit Card,653 Patton Point,Pending,14,344,2022-12-14
1d223078-a64c-4fc0-b28a-481f89fe04a5,b92c9bf8-e208-4d34-834c-658282b4f4f0,9d7f0946-1880-432d-811f-3ab76a0505e7,2022-07-14,58,601.7,Credit Card,54136 Stephen Forks,Shipped,96,231,2022-08-07
d982235f-3549-4168-a7e8-22fce40f0c51,fd9d14b7-8e00-41a9-8c73-06bb00594153,3ffca7a8-fe6d-4cfd-9d65-7bb4c7eec660,2023-11-16,28,423.94,Credit Card,06571 Ward Isle Apt. 170,Shipped,20,212,2023-12-04
b6a66653-ffcc-410d-94fc-698eb96769ce,22ed1a04-e1a5-4602-8f7e-2f714160c91a,ea434e26-390c-49ea-84b9-46d198d26446,2023-03-17,21,813.39,Credit Card,77170 Mcneil Courts,Cancelled,22,522,2023-03-31
10632dfb-7c26-4389-98ef-f8b249e612c0,33e88b45-8fe5-487b-8192-980448a90c52,f8235cc0-9822-4790-b794-df2cbb1a8a23,2024-01-10,45,184.75,Credit Card,379 Jacqueline Mountain,Shipped,57,966,2024-01-24
7de540bd-0cdf-47b2-bff6-8b20d7c7f3ac,09afcaa6-6f1b-4684-8e83-05745e0765f0,8ac42a00-bc17-4309-ab6c-ece1060d1560,2023-01-07,82,255.19,Credit Card,3149 Alexandra Inlet Suite 889,Pending,5,324,2023-02-26
158b49e0-45e7-4e3e-b04e-31de8a623825,6dd21b2c-b5c3-457b-9adb-db108d480f32,bde65e0a-2f17-4dde-93b0-781f57344fbf,2023-05-02,93,472.07,PayPal,3604 Christopher Cape Apt. 847,Pending,58,764,2022-07-05
bd169881-7783-489a-ba4f-87918b9a34dc,11b7ce31-cd85-4af6-a4ab-bd50947bc9db,8b1a97e2-c21f-43b9-a22f-bdc1c4a6f3cd,2023-10-12,78,373.77,PayPal,685 Travis Ville,Shipped,9,760,2024-01-21
13a30082-f694-4932-99d7-9cc01946aa79,57b17449-2fe9-4b2c-9caf-56c1a1d4fb0f,8b0ccfe2-e435-4bc2-86b7-f6a3e1521944,2022-12-02,9,897.61,Bank Transfer,57654 Linda Fords,Pending,32,871,2023-02-08
c20bf934-e109-426c-b7fd-959304b91e64,dbb97c7c-ce61-421e-ac8b-785648a7a919,49acb83c-ce07-45f7-9775-47ca4230009a,2023-01-20,65,690.62,Bank Transfer,39649 Green Track,Cancelled,13,921,2024-04-18
a7304e2d-070e-4410-a616-4e83a833db68,ab57b144-4422-4838-b3dd-6f1f0639f93a,2e482bf6-a694-493f-afed-10c92fe9cafa,2024-01-05,76,620.19,Bank Transfer,656 Adkins Run,Cancelled,19,441,2022-08-16
f5d1420e-1994-4d1f-ba11-9fd50d308179,3a45557d-8caf-4d10-ad28-15c22fb80a46,31f8ee80-81ee-46f9-8d40-3e34b834e4c6,2024-03-28,26,740.23,Credit Card,37088 Compton Point,Pending,1,803,2023-03-06
29ddc969-ec1f-4a68-b6e9-3326348b2b55,98b64f7c-61a2-44bd-bf8b-74b883993b9f,d4021fc4-fde2-4da4-9c7d-292d683ba21a,2023-02-20,32,157.98,Bank Transfer,339 Rogers Village Apt. 061,Delivered,50,356,2023-12-08
dffa2302-6c14-4422-b60a-d821c472a7c1,1f41762f-d59c-43aa-9c1b-39bd27e8e224,c191bfb3-a14d-47af-8e29-1958a61cb155,2024-06-06,19,915.85,Bank Transfer,54919 Bailey Gateway,Pending,8,361,2023-08-10
4b64c504-b7eb-4922-ba42-8745d8d82055,bf71c0b6-6435-4cf8-a567-0def8a2636e0,8eb9ea28-d785-44b8-9f3d-4a33f89e9a0c,2023-04-11,29,525.82,Credit Card,0922 Lisa Shore Apt. 228,Delivered,1,437,2024-04-03
0ea924f5-8fce-4b64-ad89-7d99d9186c3c,c185c6fd-0498-4bab-8af0-a4bb2bde4624,b1f51963-bd14-49c2-836c-88670307648c,2024-03-31,84,246.74,Credit Card,38044 Thomas Estates,Shipped,39,252,2024-05-25
38420955-1921-4161-ba4c-1592691a85d1,fef2fefc-b9dd-49f7-ae81-01d3b60f184f,9dd8f3f0-eaed-4806-8ec7-79e37d16d28e,2023-08-11,3,566.98,Bank Transfer,807 Burton Corners,Shipped,97,573,2024-05-12
c5dd0731-c9e1-4056-9c0e-ccdf2ee61a96,4ea9445d-0d88-44ad-a429-fc3cdd0d605d,fa95f9f3-2849-4d56-a9af-55c1811db8a9,2022-12-19,48,101.6,Debit Card,8044 Matthew Prairie Suite 285,Delivered,49,676,2024-01-18
95d36443-391b-4dd9-8f29-c6b718dbfb06,57d18297-16e1-4b53-ac57-2ebe7a249225,e772ed6d-8b63-40f4-b970-eb6da5ba1cc2,2024-02-26,81,213.25,Debit Card,05344 Samantha Rest Apt. 800,Delivered,86,517,2024-03-02
70fb72d9-512d-4a0c-bffa-dfc14efadf28,35b0f4d5-2e95-4ca0-99ad-7c65725247b3,105cf061-1cde-4e18-8fca-c4047aeb2285,2023-04-24,56,837.43,Debit Card,1162 Rachael Burgs,Cancelled,84,27,2022-07-25
76c762d2-8a22-412d-9bd3-9d1e6ab2756a,a4ddd5f1-5d68-4314-8a22-7a54071853fa,e85ce417-15e7-4568-b0dd-5e0b3b113d5b,2024-05-19,21,303.08,Bank Transfer,408 Cole Throughway Apt. 316,Cancelled,22,923,2023-11-01
f2d4dbb9-35f0-4905-b45b-5ad31f5536c4,0c996c5c-60b4-4b00-9730-561086f83009,3c89c0f3-7ff8-4a48-950a-513d6c00ba7c,2024-04-12,7,112.04,PayPal,2338 Scott Mount Suite 475,Shipped,44,261,2024-06-16
7d868ce6-dde0-428b-af3d-11d72b337d11,7c419130-ce0f-44ac-aa39-192fe300ff40,a6c5238d-0f33-49b3-b25a-9f1c0c835030,2023-07-29,41,473.32,Debit Card,04773 Rachel Mountains Suite 212,Shipped,1,840,2023-08-04
6eaec118-690c-46ac-873d-460fc6b34aa7,302b15f5-4b44-471b-a644-114438d68385,1d094c14-3e2c-4e56-895b-3f578ed488b2,2023-12-07,81,623.85,Debit Card,3827 Michael Ports,Pending,51,880,2023-07-17
62a47a5a-ad5e-483f-9c51-7b3b20a6a452,b5358648-aa54-4d0b-9df7-0b74aee13350,7963bfbe-3439-4c25-94bc-a3cc3341dc92,2022-07-04,78,531.02,Bank Transfer,819 Solis Roads,Shipped,17,244,2023-06-03
e76e879f-d2a6-42be-b383-799aa3813253,dad1d47d-37ec-4a8b-bca7-cd40db67c75c,4b0c2b92-ff78-4c33-a98d-cd9e7bbb4e99,2023-08-26,47,859.45,Bank Transfer,64475 Cook Mount Apt. 746,Delivered,23,161,2024-04-25
4cf45ad0-fab5-430e-96c6-77c2069b2142,6d06aef9-a597-4b74-812d-a38c8f35a557,6bed23fa-9e04-487a-97cd-034151fc10e9,2023-02-21,78,857.74,Debit Card,29548 Angela Roads,Cancelled,34,199,2023-07-18
e078f5b2-79ca-4c2e-8e4a-ce1951511977,02e792d8-bd43-4b4a-a178-cf11d669fd5b,5d3b7048-861a-47d5-aead-0065ff581818,2022-12-11,33,564.44,Credit Card,650 Sara Field,Delivered,29,941,2023-12-10
8f4deec0-7dc9-4116-ba01-50bf6ebd9641,c21d7004-0f0d-4794-8587-be1cd1a346db,95b7c5db-a95d-4c57-90c0-c9a7cf52c6d9,2023-04-19,89,839.58,PayPal,3255 David Coves Apt. 829,Shipped,31,679,2023-11-10
d7007ac8-1876-45e3-ad13-5c8bbbfded94,d12f6ded-f773-4181-ae64-cf33f70eefef,bc2c0805-77eb-4da4-ab4c-2e74c713c7c9,2023-08-10,71,881.96,PayPal,99896 Reyes Stream,Delivered,27,534,2024-03-24
ebf713c7-2896-44f5-9a2e-02d1c628d9b5,82bbcffb-5cbb-4ab2-a1a7-8277bc1c5ed8,74b438f3-061d-453d-bc8c-a6fc94111c65,2024-04-15,11,113.25,Credit Card,3098 Sanchez Crest Apt. 138,Delivered,31,66,2024-04-18
06d46ce9-7905-4440-b266-5b4e2443544d,24eaad2f-6089-426b-8be7-d20e2e389ab9,6e32d717-b182-4687-95b9-c6d4c6a32148,2023-08-31,57,210.58,Debit Card,7323 Beth Ridge,Shipped,50,493,2024-01-15
495514ba-ee5c-44b8-babf-a4d851cbfb0b,34d2a621-c093-4c2e-aef1-89042f60066d,eccf54a7-4f54-4a77-82f3-cb38a05ed96a,2022-07-17,79,909.38,Bank Transfer,2834 Lee Junction,Shipped,25,460,2023-03-19
8a9f2346-0e27-4a5f-b651-397f4de82b63,4fc5ad97-b353-4cd4-9a74-5f836eb715ab,723a4b2b-dead-4040-8f77-6dfdc87d8b6c,2023-02-02,91,888.32,Debit Card,3529 John Vista Suite 508,Pending,66,631,2022-08-31
ae6ad2dc-20d3-4542-9fd2-1c1d06adfdf7,88413181-e8bd-48f8-ac2f-3599bac4d8ab,5cce43c5-24b7-4185-9079-10a58d56c6ee,2022-12-01,76,906.27,Credit Card,450 Brandon Vista Apt. 495,Cancelled,88,569,2023-02-23
cd7691e0-ccbd-4dab-84aa-02f5c152eb33,a1fa5038-5c3c-4fbf-b928-03ef615409f8,fdea7136-1848-4150-96ea-cba00d39de3d,2023-10-01,82,634.11,Bank Transfer,4418 Veronica Roads Suite 304,Shipped,92,579,2024-02-17
ee178ccb-4ea6-420c-bc89-c85637f398be,9f2f78f1-ad7b-4ef4-a81d-bc60712d552e,ebe39eba-b390-43c3-b809-fd480803e6a7,2023-04-01,60,556.09,Credit Card,554 Lewis Mall Apt. 114,Cancelled,10,272,2022-11-13
8a653b9b-016a-42f1-ab54-6baa761b12cf,a635bd00-d0e9-4637-a870-a835265744d2,61e3eeb8-e749-488f-9106-51128d827b45,2023-11-03,2,244.49,Debit Card,581 Sloan Trace,Shipped,7,530,2024-01-28
c8cae39c-15b5-4411-b8b8-164515af47e5,ebbcdcc2-f811-4860-a050-43672998eb63,dd67ff81-c280-4a58-893d-c98f0e450257,2023-05-11,56,326.53,Credit Card,4601 Victoria Plaza Apt. 196,Shipped,66,929,2024-06-10
26b3abf6-0431-4b12-9e30-06ab6bf37086,4a4ec5f2-4738-46ae-a97b-042696e5b7e2,7788b9a8-a709-4b3b-9fba-c4a13a18f5ee,2024-04-05,20,499.51,PayPal,07766 Ayala Squares Apt. 088,Delivered,64,468,2024-05-02
33c0ae62-d87f-431a-965c-bb5001443759,8b4ec0f0-9b21-46b2-9207-9d3be958e2f2,17a463a6-6079-4bae-aca9-0a33ca90dabb,2022-07-19,25,610.43,PayPal,104 Blair Mountain,Shipped,7,380,2022-10-15
64bfef9d-dda1-4962-85a9-16aee734a1a0,ed59c26b-24c3-445a-ad30-50ce75f8c73e,c21fc48b-8b28-4421-a29b-0b14e40cee1a,2024-03-14,30,104.57,Credit Card,9212 Gregory Summit,Delivered,27,702,2024-04-23
1a48a56e-9f84-47c1-9fef-0b94fa7c4cf7,4afbd6e6-666b-488f-b753-b0c13f2dc664,c443893b-f0ed-4975-a1e6-4db390ab7a61,2022-11-27,42,802.42,Bank Transfer,9257 Chen Parkway Apt. 266,Cancelled,15,870,2024-03-21
c89f3a65-dc0e-4194-b27c-1117d1964df3,683a13ab-45e6-4e9f-9c93-c1d9ea3a38cb,d2f2105f-dff8-497d-bae2-848416f20f3a,2024-01-03,2,840.93,Debit Card,8381 Patton Row Suite 550,Shipped,26,793,2024-06-10
f94e177e-a855-4115-8820-b4bfb9961637,5315fbde-59a9-46a3-b468-b4709f6bff53,a5b4874c-f891-4945-a7bd-bf3ed1d8652b,2022-08-05,13,982.41,Credit Card,128 Amber View,Delivered,68,376,2024-05-25
c7b614af-a889-4325-9acc-6b447b95ee1d,16325b05-18b8-4f24-96db-09af7def8fb0,1000a4fb-dafe-4ca5-bd54-7a1eaa086a7f,2023-10-22,75,945.71,Credit Card,7590 Bruce Drive Apt. 232,Shipped,12,398,2024-02-28
8a75c41a-d160-4c05-b904-3f506e07443e,515578dc-a967-4d9d-a9b9-ff4306f34be5,7eae78a0-3c91-4bd0-a3de-2b0c503d0eca,2024-02-20,88,625.62,Credit Card,763 Oscar Islands,Shipped,15,85,2024-04-17
0a6bf22a-9d64-4960-aabb-97e38cbc6e81,a4504046-67ea-4121-a93d-06a23676bc8e,f13aa06e-87d3-4727-8d0b-694768778db7,2023-09-25,51,360.56,Bank Transfer,7140 Lynch Viaduct,Cancelled,43,156,2022-07-18
bfc2056e-43e1-4a27-9377-b73446481391,ecd6ea88-c498-4469-a395-b7b4a513a4eb,f28c3fa1-3607-496d-9bc9-eea89c382292,2023-09-22,62,283.03,Credit Card,2979 Mark Course Apt. 227,Shipped,46,277,2024-04-13
43473de0-67ff-465e-8e45-caac4eb8f850,deba2390-9cdf-4f6f-a064-ce5bfc393d23,94a35afa-5796-4287-b4ee-af2439b4a2f9,2023-06-05,62,503.97,Credit Card,8130 George Pines,Pending,21,233,2022-12-20
e1f3d1fc-e376-41d0-825b-24a5ef7de215,7a3e1a03-29e5-46db-b2d4-84dce65dbfdb,ca594fde-8d16-4fe9-b9a7-6466b1ee845f,2023-06-18,69,695.35,Credit Card,0463 Rebecca Fort,Cancelled,34,370,2022-09-11
3ddc4da8-a500-4f25-bbd8-db71bc740fdf,4ffaee4b-4b42-4277-b84a-ad6bccba0db0,8f2997c4-16e7-4c23-8f33-5f4228e428e8,2023-08-04,9,434.27,Debit Card,88341 Lambert Circle,Delivered,8,132,2024-05-13
277bcc2d-7a35-4bd7-833b-ca4b77638272,de344145-a226-4241-8382-b7f6ccdf0922,78a59898-e4fd-4ace-bb35-d058109970a4,2022-11-21,54,340.33,PayPal,066 Becker Street,Pending,95,881,2023-08-02
cf8e6a08-d226-4f63-b55d-d9692b21c92c,97adf8dd-03ac-4d05-b7b8-6c42366df9d3,0d20edf7-0e8a-460e-86f7-22eb5301cecd,2023-11-10,47,963.84,Debit Card,532 Jones Mount,Cancelled,5,713,2022-07-09
bf67c437-bc26-4e87-a2bf-6e7c3a396e30,68954adb-4807-40c2-b196-c3b6dc7dcfae,671b682a-b660-4032-85aa-e41c67b388af,2023-02-21,50,712.91,Debit Card,4567 Pittman Light Apt. 718,Shipped,9,878,2024-02-13
7b94dcda-682a-41d7-81c4-2553fefcdb16,914255dd-f1e6-48e8-8ab1-970358173429,478b71f6-8eae-4a45-9f27-12980ffdc6f7,2023-11-30,21,594.53,Bank Transfer,3056 Mary Creek,Shipped,83,723,2024-04-20
31ab42f5-4b8d-4b49-b25a-640ba6607d9e,c0388314-cebb-48f5-beed-36123e3ee5be,ebe39271-ec1f-4787-bba3-c5ffc38a8459,2023-12-10,26,948.77,Credit Card,75770 Benjamin Corners Suite 211,Pending,20,22,2024-05-18
c289bf5b-4a54-4900-8373-224027767bcb,9a9b850d-d1e5-4762-9a80-feb9d7c565c0,ce429913-ad48-4689-bf5e-8f813f9c710b,2023-09-10,6,174.37,Credit Card,726 Schultz Mountains,Shipped,6,530,2023-10-05
f3b6e096-39e5-4937-a672-2352198d6079,461883e0-9e72-4b20-8030-b331a4963617,9fddda96-b2ab-4c00-87b8-b602f31ddef5,2023-01-20,54,328.99,Debit Card,91048 Brian Pine,Pending,26,997,2023-08-23
78c2d6e4-a18a-4c85-9c99-b9c9888688d2,e02710d3-aac9-468a-a93c-1a3a3301b2eb,4420debc-c9aa-4a29-9fad-e90882c9df4a,2023-06-13,8,858.19,Credit Card,84470 Cruz Lock,Pending,53,463,2023-03-28
579ab141-bd86-4d74-9647-e3fd87c296e6,a3d770ba-58ba-4c78-9eea-a7e7bafcc003,e3fb147d-7f3e-4b9b-8562-bc4c9584bc86,2024-05-03,54,751.12,Debit Card,00492 Cook Wells,Shipped,19,644,2024-05-23
bb2a8aea-fe80-410e-9a10-5c59c5b6a8c4,b2c69ef5-d730-4940-94a6-ebe0c27cd726,6b10eba8-9b82-4239-aa9b-09897aa1936c,2023-02-08,14,393.41,PayPal,93782 Guerra Landing Suite 419,Cancelled,64,472,2022-07-31
134849c2-3ba4-425e-8a33-80980da95713,9c3aa9bf-0483-4330-b3cb-130d8a7ae395,e41d3dad-e6b2-4d2b-815f-92b1102750ef,2024-01-19,39,206.17,Bank Transfer,97426 Michelle Mountains,Pending,46,41,2023-10-22
c4e1357b-2d7c-418e-83fa-ebd952232875,86ce3823-eca0-486c-9bb9-2e6394a357c9,eef9783b-2c39-4718-bb3a-2833693f7bbc,2022-12-27,42,623.9,Bank Transfer,756 Tammie Pine Suite 807,Shipped,27,208,2023-03-11
bdda3cb1-9723-4d65-8c8d-d856cbac01f4,e9bb43d5-e0c9-42ce-be51-e323131b4920,fc7c10e3-d0f8-4335-892f-e498e21739fc,2023-09-01,57,695.78,PayPal,9663 Brandon Park Suite 573,Delivered,96,523,2023-10-24
568b7b74-fe9f-4632-8452-1867de78f4aa,b41c0add-5eee-4ec2-bb40-bdd25e56be7d,04c6ac04-71dd-4da5-9f21-fccde2fc3481,2023-09-12,79,994.11,PayPal,20866 Norman Manors,Pending,62,829,2023-03-30
13720ec6-897c-4a8c-99a7-d7c762df3f79,1ef68054-1f2b-47e3-b7e5-d0cfe9f6b0f7,c2c85f6f-09e4-417f-add8-26d02716cef3,2023-09-17,8,876.66,Bank Transfer,4666 Young Wall,Shipped,3,555,2024-04-19
5e13f5b8-cb05-4deb-9055-c85329552608,66e50782-f548-499d-8e0b-d931ae2c6d7e,d68eb37f-f24c-4c01-8f31-aa4dd7664ce0,2024-03-28,39,760.63,PayPal,199 Perry Knoll,Pending,13,575,2024-04-23
a09fae18-e4fe-4f0d-8de5-d083348f0f74,71c4e88f-24cd-4a4e-9ca4-e457c8064a96,9b4ef5e6-9838-44d0-b742-93da77db1bd2,2023-07-24,89,302.17,Debit Card,34366 Berger Falls,Pending,16,420,2024-03-08
d98af2a5-016f-4f6c-9567-4cb125228a1e,2d8971a8-5bff-468c-aa7d-554bf433cd81,9d6e6bca-13f0-40cf-892c-5011c6182c82,2023-08-10,85,947.86,Bank Transfer,209 Luis Centers Suite 726,Delivered,47,919,2024-04-27
2ad65be8-6ba6-4b4d-a3cd-cd7771b8c795,48e0ed32-7b7c-40c6-b34b-03907a9c9d2c,5ad61d61-2aa9-4a13-97ab-934cf63168d3,2024-06-11,82,110.68,Credit Card,608 Jill Orchard,Shipped,88,388,2024-06-11
47f87670-06e3-4655-b9db-c09cf76b2421,7a68f862-6304-484e-a6a0-827c7dbe9eb5,767c24bb-9bce-4aee-839c-cecdd18adaf8,2022-08-18,23,576.57,PayPal,2177 Jason Ferry,Shipped,69,334,2022-11-07
28143104-79b2-48f6-a1aa-9902148002db,ccb04cbb-a739-4554-a8b5-81c317973c7f,b981c408-cc23-4978-b7e1-09215771e209,2022-09-16,81,623.64,Bank Transfer,92147 Barry Well Apt. 327,Delivered,45,178,2024-04-23
79a3f466-cd85-40e4-a1d2-0d355c5eb321,fef0118d-da39-4a4b-b7e8-75bf1e693c0c,7c4d8776-3dc5-4cca-ab42-ad1fd4b1082b,2022-08-03,10,140.31,Bank Transfer,203 Alvarado Run,Cancelled,49,362,2023-12-09
2d994eb6-8b12-4e25-af18-957dac312478,5a1313d2-8efe-4e5f-8478-006b2035a1a5,640fd368-d0b8-4432-b815-2efe17bc0083,2023-06-11,18,879.36,Debit Card,12332 Andrew Forest Apt. 421,Cancelled,52,681,2022-09-08
92d96b3b-115c-4faf-bb3d-dba930b4b9ed,d10cfc97-b0e2-425a-addc-c320c71fa005,5fd70660-aed2-4819-8983-911d153d643f,2023-10-04,54,794.06,Credit Card,357 Howard Park Suite 154,Cancelled,40,881,2024-05-18
f64de3ab-023d-41f0-b4c0-d1437254e86a,7aae3b6a-5c47-439b-956b-cb5b073e4bc9,a2a248e6-d8ec-4810-9ac6-a48a0cbd9e9c,2023-02-13,63,634.09,Bank Transfer,30373 Bailey Branch,Delivered,45,686,2024-01-21
546b4fc7-35bf-4e36-ac23-f7c1d3ac5fb8,32d0deda-0a25-404a-9c94-54d851795788,067968ea-1879-402f-ab8a-3f46a59155ad,2023-12-21,19,363.58,Credit Card,20826 John Forks Apt. 924,Shipped,13,963,2024-05-19
46198701-46f2-4cff-9420-48c56be283d3,f6a31a09-a9ae-43b6-8a96-900bdac66a31,e188ed2c-4f63-44fb-bd6a-27104f271381,2022-10-16,79,709.63,PayPal,1017 Brown Fields Apt. 575,Pending,38,514,2024-04-18
4dc1256e-d56c-49a4-bd8d-7a8572e75d0e,eaf36e8c-8f9b-4b36-bc0a-af9eecfd5582,369b3236-4478-4bd3-90fc-b3f6fb83ada8,2023-03-20,84,824.53,Credit Card,66331 Alexander Radial,Delivered,28,219,2024-03-25
8ecdf8ae-496c-4228-aa58-c73c505c17bb,8f133088-f5db-4fd5-ada0-db1e0cb2569b,0fefa699-edf0-41ca-898d-69935404b890,2022-09-28,22,761.38,Bank Transfer,616 Hannah Meadows,Cancelled,66,212,2023-08-08
face0c0b-b669-4a69-997e-9566f788294a,8a825553-635a-49b1-9cdc-6bb8efd0d9e1,aa7547bf-31c5-4734-94c9-be70e4275f27,2023-05-19,85,465.29,Bank Transfer,535 King Inlet,Delivered,14,636,2024-05-25
eefc5103-e31a-4584-a6ad-51d418fe1461,07d56b3b-1a4f-445a-a5c4-1ca98980e9fe,10b50672-80f4-483e-aa20-d23741028768,2023-04-30,23,839.79,Credit Card,9307 Welch Keys Apt. 444,Shipped,75,280,2024-06-19
4db00644-6000-4b86-aaeb-414e49dcc008,e2989140-d2b4-4286-8faf-903a97c7f4b2,098a61d8-2756-4ee9-986e-790d6e11e4c0,2023-11-08,47,126.64,Debit Card,54093 Nguyen Forks Suite 902,Cancelled,62,786,2022-06-23
9e470958-ad13-4f1d-aec3-e194377ed2fc,bce8a7f8-bd9a-446c-a3c9-7d0c71505258,bc825eb8-e571-4e0f-b224-c8e2ef238c26,2024-02-07,22,752.97,PayPal,2931 Craig Islands Apt. 766,Delivered,55,533,2024-03-01
11bf9fcf-2d16-499f-b80e-107517326b00,b6e3f6a7-906a-4218-849d-ccd2d5df06cd,40e7709e-3f2f-4540-96fb-42b70f60a3b2,2023-09-29,22,772.21,Bank Transfer,841 Caitlyn Lodge,Pending,20,900,2024-04-01
0d21728a-f8a5-4e81-99b2-714fd3f909c6,b199e773-b2b1-486d-bb2f-0e70291ae843,6f84373f-5da3-4c63-8b7b-9682083bc336,2022-11-10,85,434.43,Debit Card,16802 Rosales Rapid,Delivered,50,499,2023-12-29
438b903e-ba42-4f63-8b0b-ae34532a498a,79669974-fc3b-4ae0-8217-58870ecd6829,81b7eab1-0839-462e-9f9f-f757007e0c93,2024-04-25,33,134.75,Credit Card,741 Jeffery Mountain Apt. 494,Pending,68,736,2023-05-13
35977080-c9ce-4bc0-96ec-d8b3f534ce6e,d7d88d7d-24b7-4fbb-b990-3d29f42ce8e1,3502fa60-ace2-43fe-b182-d9afa8af8d6e,2023-07-04,27,817.99,Bank Transfer,6777 Ronald Street,Pending,19,743,2022-11-06
47f43b2c-f3e9-437f-b400-d15155f3121a,5a3b236a-0e87-425b-ba13-2e5ccf3e3e68,9a6e6293-50bf-4500-ac1a-2c11564129f6,2022-09-01,60,793.06,Bank Transfer,3465 Renee Park Apt. 614,Cancelled,0,449,2022-09-29
5c9c7c09-3a66-41be-9ce4-bf4fb5a96277,a34e55c5-ba0f-46f7-8321-ad45eb7fe55b,496331c3-a921-40c0-b9db-dbf76a5f0974,2023-10-21,74,611.03,Credit Card,07575 Regina Greens,Delivered,68,238,2023-12-08
b2f58341-e1e0-40ec-824b-7d3c76e685ae,e51ac4b2-d567-4d2c-ae40-7ec524272c23,be3b5ffc-45ef-4a17-ad49-c341b30e13dc,2023-05-05,37,231.07,Bank Transfer,6206 Brown Ville,Delivered,50,813,2023-12-19
bc949cd8-3fbb-4e3a-ac53-88eb2d2be3fc,b07a6a95-c2ed-484b-81a5-264b33c61a1a,1374d0ff-cc64-4c34-abfb-7ffd7569dbb3,2022-09-20,33,897.84,Bank Transfer,592 Cox Valleys Apt. 948,Shipped,61,218,2023-12-03
8c319510-915f-499d-8711-e4a132c91a7a,a071e8bd-3eb5-4066-a171-f230f059aed0,801ce816-d2e7-45a8-a018-e0d656defeae,2022-11-23,64,670.55,Debit Card,4224 Sellers Lake,Shipped,81,706,2024-04-17
4d239938-2cd7-453f-a6e5-61c080c1b199,88e9dbe3-8998-4f62-9e33-89eb32b19259,44977e8f-d14f-4a46-8f25-6399eadc39e6,2023-03-21,53,243.44,PayPal,0512 Humphrey Rapid,Delivered,94,680,2023-10-25
22646d02-c636-4931-9ca2-0161b3519432,399fe87f-0521-4013-8633-e5b298b1aa81,27f3be50-e33b-4146-be1d-1a06fd43cf9e,2023-11-13,52,801.42,Debit Card,167 Martinez Drive,Cancelled,42,461,2023-03-31
9c32c574-2fdd-4326-9fcc-18cad20824bd,c9fef8ad-2a7a-4990-b026-89fe3b2f8b81,e38fc0aa-c9a3-4008-8d61-e1fc4f5fc960,2023-02-03,89,749.04,Bank Transfer,6259 Jared Plaza Suite 468,Shipped,53,274,2023-12-13
ed5a115f-e978-41de-80c8-9b5fe881b19f,191ba7dc-73a3-4f25-bac2-bb1222d8b870,ad30b480-4df8-49a0-950b-43753b4fe660,2023-01-18,83,273.37,Bank Transfer,297 Brandi Oval,Shipped,36,213,2023-11-05
f9cef972-72b6-4db1-ac32-361e404154e2,b463b83a-b5f6-4006-af44-9dd983567acb,5cb9bf5b-146d-4453-b71f-571e7f9ffcba,2023-11-05,40,482.34,Credit Card,41945 Christopher Rapids,Pending,40,258,2023-12-24
e480a5c9-985d-48bb-956b-1ec395e42c8a,24401ace-caca-4f0c-96b8-0a01f5b49f3d,b455e437-8282-4b1a-b867-f6bc3fcb83c9,2023-10-01,82,432.43,Debit Card,87674 Figueroa Land Suite 873,Pending,28,64,2023-12-14
814e4c13-bb19-44e8-952b-cc267442f2c5,83d6f507-ceda-4418-ab21-55a7f2287044,e7df05fd-2b81-44ea-a835-c519a81a18cb,2022-09-06,77,921.75,PayPal,2729 Taylor Heights,Shipped,96,820,2023-08-11
6f67547b-47a4-4c59-b9d4-19ecd7cb9cd3,9ece84fb-288c-4a40-850c-114a54cdc53b,677496af-7585-4c38-b5c2-219f83daafa5,2023-11-15,60,636.8,Credit Card,47056 Edward Creek Apt. 104,Delivered,35,630,2024-03-22
35d5d778-4f0c-46c6-9856-31d3cc382ee2,6e7e95f9-3456-4a45-b9c0-5ee7553b1f05,59c023c1-72a1-4f93-9bf3-f3cf08b97623,2024-06-16,40,938.49,PayPal,12821 Williams Port,Shipped,97,414,2024-06-18
e2c11f60-6824-4630-8ad9-dd2fd4113042,5a0ac538-7d64-45d2-a999-ad4cdc9fbb41,b35fb41f-e46e-4777-81fe-d671afa5bb9d,2024-05-23,22,801.67,PayPal,909 Daniel Radial Suite 642,Shipped,47,974,2024-06-13
6f33c31e-fed9-415b-8007-a6a4bdf354cd,4c6e534d-d060-48e3-bb23-aaf8de048d9f,6572bbe6-1a0c-46e3-a8cc-0a6bca06c808,2023-03-28,33,529.73,PayPal,144 Jordan Valley,Cancelled,38,902,2022-09-09
0c12e6e3-5c7c-4608-8d74-85efb9cd720e,1c511925-cd07-46bd-a1a2-0ff3bfc15dbd,32a63daa-5a06-4889-899b-f0b6434099a4,2023-10-03,13,191.9,Bank Transfer,80675 Marcus Heights,Shipped,48,397,2023-12-01
ba2281a0-3b6c-4220-ab69-fe6410b45654,49da581a-955c-4111-af8b-f65a5e36b401,eda483d7-439c-4e67-a94e-f9f90450ddce,2023-06-22,88,850.49,Bank Transfer,46335 Ryan Turnpike Suite 150,Cancelled,33,729,2023-06-09
306e91b1-05b7-4261-b327-c1c682f2578c,70bd6477-74ce-4dec-ae5a-2117b35a49e7,259bd391-b4df-468e-9ce1-5221f8d5ea3e,2023-06-03,55,837.89,Credit Card,491 Banks Glen Apt. 283,Cancelled,36,108,2023-05-02
a60bebd1-7bdd-44b7-93da-4cdd5a9f2d0d,fe6a50c4-be6f-4ed3-91e7-8f9e1b7fe59c,10146c60-a290-45b8-b494-d346289420af,2022-12-14,78,141.98,Debit Card,660 Kathryn Radial Suite 591,Cancelled,61,19,2022-08-02
e3b351d5-e8e4-4e03-81b1-b268b1d85b66,e1143222-25b0-436a-bd20-daba5a44e349,e482a394-578e-4244-9fab-60db029fd0cb,2023-03-22,58,772.56,Credit Card,29485 Patricia Union Suite 784,Shipped,58,995,2023-11-18
045d4cf3-0b6c-4b3a-b885-37dd85ca91b5,7c417cb2-a4ef-4e9b-89c4-8aa1fcec85ef,2e5bfbcf-2b98-4d76-9378-ee698fced14b,2023-05-23,95,777.02,PayPal,32584 Stacy Road Suite 588,Pending,93,951,2023-06-24
3474c920-3ca0-4b2e-a29d-e88ee0761fa7,7f6b2c36-33f4-454a-b96f-42dff74c5afb,a20b4a8d-4953-4559-80e3-92b405355e7b,2024-02-26,97,905.29,PayPal,301 Gardner Landing Suite 695,Pending,97,230,2023-04-16
91b0644e-4593-4a6f-8511-15e880db6f82,4bb0d22d-ad54-42c4-8a76-641d30f20712,8d378fbc-08e0-4c51-8f38-cc2ff1577ccb,2023-12-22,83,774.91,Debit Card,61672 Robinson Locks Apt. 731,Shipped,31,697,2023-12-28
9827555e-e2a8-4cbb-80f3-4413ee4de79d,20948559-9e28-4714-803f-57f1271a7e05,7d701f10-1be3-4604-9149-11e7978b6c62,2023-03-22,84,749.6,Credit Card,2820 Anderson Groves,Shipped,89,846,2024-02-06
189b38f9-f7e6-4675-a67b-737faf93194d,516a6007-4683-4995-9c0f-c28b253362ca,3b2611bf-0ced-4f44-be60-6e5a4c27bda9,2022-09-28,60,916.71,PayPal,9072 Curtis Path Apt. 813,Shipped,78,842,2023-12-18
0b0f1c09-fe58-41c7-92eb-46624cc845e7,0eb2b089-dc85-4ac7-997d-4212c9cc759e,f43abc56-618d-4182-9b43-b0eb704517a6,2022-08-23,79,676.02,PayPal,7595 Becker Center,Delivered,37,586,2023-09-04
d61b430b-165f-4742-b327-4a72ca64ae5d,62f7cce0-03a5-4e55-9345-0010b7c91db2,1bc4985f-914d-4730-998b-6357686e4179,2023-01-12,43,225.63,Credit Card,8815 Andrea Islands,Shipped,48,288,2024-03-13
6ef4e2a4-8f9f-4dec-bb40-7c9b3d1723e0,17a21292-8faf-481c-b828-41a0afd84731,66d06ef0-8ed4-4901-8577-ec1c2bf361a8,2022-09-19,39,797.4,Debit Card,388 Brewer Mews,Pending,80,776,2023-08-23
528b509f-601c-4ce1-a312-7bf817f33fb1,6851fe80-0f22-4737-aaf3-5e23737e1648,43a530cd-512e-4bb9-bd7f-746586ceaca4,2023-08-07,12,453.38,Credit Card,77667 Donovan Forges,Cancelled,79,508,2024-03-20
29a619ea-3113-49bd-94ee-877baa31c3f9,ab9fbfcc-cd40-4073-97a8-8f7b933afbd2,b334c6e9-c10d-470b-a8e4-e9fb7957e9b1,2024-05-08,69,368.76,PayPal,640 Shea Flat Apt. 847,Delivered,95,676,2024-06-14
33cf4686-dfac-4562-8e5a-4b07716f48bd,5d2bf962-88a7-4793-a74e-2cd8a9a5b82e,e803f197-1cb8-46ab-b8cf-32406b06f7a6,2024-05-23,30,601.6,Debit Card,29036 Deleon Burg Suite 127,Shipped,46,668,2024-05-26
89e33c61-a65f-4570-b25f-53116fd48d0f,a99b8b04-534f-4eb9-92bb-0bd60a519725,18d5c4c1-bfaf-42d6-a6c3-ac3015d76e2a,2023-03-11,31,804.83,PayPal,165 Parker Mall Apt. 077,Delivered,64,598,2024-05-03
4ed97df8-7786-4d66-b3c4-2ac8c09dee14,b0e6afdd-f94c-4d2a-a04b-206fd358cf54,2e36fa71-a28a-433a-a680-60458f2ce6e5,2022-11-06,25,772.67,Credit Card,99525 Kelly Junctions,Pending,9,404,2024-04-27
0d81be80-d0dc-4851-97b0-c75562001a50,f0ebecd8-7fd8-461b-b3d0-9ff17a4d482f,b42a150a-4885-46df-b60e-dacb98ce7ceb,2022-09-12,72,532.32,Bank Transfer,406 Smith Ranch Apt. 042,Pending,72,466,2022-09-10
2dbcc556-9b90-459c-a40d-8255dd0b04c3,28d2a9f4-28de-47ec-9f08-c5706c4921bd,8ecaf9f5-a5df-40af-8b0e-9ad312004feb,2023-02-04,31,682.84,Bank Transfer,34682 Reynolds Throughway Suite 576,Pending,29,810,2022-09-12
16ccd377-2317-4c75-8790-b6cf07b4b6a5,aabffce9-2fab-452b-a0bb-d0b4c5cf98a1,50181919-710f-4fc0-9c8b-252e44c3d268,2023-01-24,89,342.15,Debit Card,174 Garza Viaduct,Delivered,82,961,2024-02-29
9f3d07cf-ec5d-46c6-b87b-1d62a58d578f,aec21b95-b7c3-4954-b4ee-8d105338bf64,2844602b-ffb8-4628-abcb-efa5452a9982,2024-05-01,57,124.6,Bank Transfer,2254 Castro Grove,Shipped,50,349,2024-05-24
